{"cameraMode":{"drawMode":0,"name":"Shaded","section":"Shading Mode"},"sceneLighting":true,"audioPlay":false,"sceneViewState":{"showFog":true,"showMaterialUpdate":false,"showSkybox":true,"showFlares":true,"showImageEffects":true,"showParticleSystems":true},"in2DMode":false,"pivot":{"x":1.5567458868026734,"y":10.530729293823243,"z":5.907124042510986},"rotation":{"x":0.08296257257461548,"y":0.1486157923936844,"z":-0.012516803108155728,"w":0.9853324294090271},"size":24.98017120361328,"orthographic":true}