{"cameraMode":{"drawMode":0,"name":"Shaded","section":"Shading Mode"},"sceneLighting":false,"audioPlay":false,"sceneViewState":{"showFog":true,"showMaterialUpdate":false,"showSkybox":false,"showFlares":true,"showImageEffects":true,"showParticleSystems":true},"in2DMode":false,"pivot":{"x":-208.0,"y":-67.00001525878906,"z":-0.00012375041842460632},"rotation":{"x":-0.08397538214921951,"y":-0.07228059321641922,"z":0.00620120158419013,"w":-0.9938694834709168},"size":23.24068260192871,"orthographic":false}