{"cameraMode":{"drawMode":0,"name":"Shaded","section":"Shading Mode"},"sceneLighting":true,"audioPlay":false,"sceneViewState":{"showFog":true,"showMaterialUpdate":false,"showSkybox":true,"showFlares":true,"showImageEffects":true,"showParticleSystems":true},"in2DMode":false,"pivot":{"x":7.440000057220459,"y":5.350902557373047,"z":16.926471710205079},"rotation":{"x":-0.14297249913215638,"y":-0.17618288099765778,"z":0.029585538432002069,"w":-0.9736089110374451},"size":64.73194122314453,"orthographic":false}