{"cameraMode":{"drawMode":0,"name":"Shaded","section":"Shading Mode"},"sceneLighting":false,"audioPlay":false,"sceneViewState":{"showFog":true,"showMaterialUpdate":false,"showSkybox":false,"showFlares":true,"showImageEffects":true,"showParticleSystems":true},"in2DMode":false,"pivot":{"x":0.565293550491333,"y":1.449199914932251,"z":0.7490248680114746},"rotation":{"x":-0.2014894336462021,"y":0.09506913274526596,"z":-0.015911752358078958,"w":-0.974867582321167},"size":6.457885265350342,"orthographic":false}