{"cameraMode":{"drawMode":0,"name":"Shaded","section":"Shading Mode"},"sceneLighting":false,"audioPlay":false,"sceneViewState":{"showFog":true,"showMaterialUpdate":false,"showSkybox":false,"showFlares":true,"showImageEffects":true,"showParticleSystems":true},"in2DMode":false,"pivot":{"x":-1.08609938621521,"y":1.5059661865234376,"z":0.4459848403930664},"rotation":{"x":-0.2014894336462021,"y":0.09506913274526596,"z":-0.015911752358078958,"w":-0.974867582321167},"size":6.1578850746154789,"orthographic":false}