{"cameraMode":{"drawMode":0,"name":"Shaded","section":"Shading Mode"},"sceneLighting":false,"audioPlay":false,"sceneViewState":{"showFog":true,"showMaterialUpdate":false,"showSkybox":false,"showFlares":true,"showImageEffects":true,"showParticleSystems":true},"in2DMode":false,"pivot":{"x":2.60092830657959,"y":3.680982828140259,"z":-17.700307846069337},"rotation":{"x":0.10951784253120423,"y":-0.14936520159244538,"z":0.013062449172139168,"w":0.9826472401618958},"size":0.49785903096199038,"orthographic":false}