{"cameraMode":{"drawMode":0,"name":"Shaded","section":"Shading Mode"},"sceneLighting":false,"audioPlay":false,"sceneViewState":{"showFog":true,"showMaterialUpdate":false,"showSkybox":false,"showFlares":true,"showImageEffects":true,"showParticleSystems":true},"in2DMode":false,"pivot":{"x":-0.4845014810562134,"y":1.0522820949554444,"z":0.3661227226257324},"rotation":{"x":-0.2014894336462021,"y":0.09506913274526596,"z":-0.015911752358078958,"w":-0.974867582321167},"size":5.557884693145752,"orthographic":false}