{"cameraMode":{"drawMode":0,"name":"Shaded","section":"Shading Mode"},"sceneLighting":false,"audioPlay":false,"sceneViewState":{"showFog":true,"showMaterialUpdate":false,"showSkybox":false,"showFlares":true,"showImageEffects":true,"showParticleSystems":true},"in2DMode":false,"pivot":{"x":0.0012375116348266602,"y":0.5172301530838013,"z":-0.0012375116348266602},"rotation":{"x":0.05216232314705849,"y":0.023061169311404229,"z":-0.001283300225622952,"w":0.9984134435653687},"size":2.8772542476654054,"orthographic":false}