{"cameraMode":{"drawMode":0,"name":"Shaded","section":"Shading Mode"},"sceneLighting":false,"audioPlay":false,"sceneViewState":{"showFog":true,"showMaterialUpdate":false,"showSkybox":false,"showFlares":true,"showImageEffects":true,"showParticleSystems":true},"in2DMode":false,"pivot":{"x":-0.1894301176071167,"y":1.6628141403198243,"z":0.6929888725280762},"rotation":{"x":-0.2014894336462021,"y":0.09506913274526596,"z":-0.015911752358078958,"w":-0.974867582321167},"size":5.257884502410889,"orthographic":false}