{"cameraMode":{"drawMode":0,"name":"Shaded","section":"Shading Mode"},"sceneLighting":true,"audioPlay":false,"sceneViewState":{"showFog":true,"showMaterialUpdate":false,"showSkybox":true,"showFlares":true,"showImageEffects":true,"showParticleSystems":true},"in2DMode":false,"pivot":{"x":422.36669921875,"y":197.48336791992188,"z":-0.61474609375},"rotation":{"x":-0.1702815145254135,"y":-0.04669152572751045,"z":0.008077891543507576,"w":-0.9842562675476074},"size":445.63397216796877,"orthographic":false}